food_id,food_name,food_name_normalized,food_type,energy_kcal,protein_g,fat_g,carbohydrate_g,fiber_g,sodium_mg,potassium_mg,calcium_mg,iron_mg,zinc_mg,cholesterol_mg,vitamin_a_mcg,beta_carotene_mcg,vitamin_c_mg,water_g,ash_g,magnesium_mg,phosphorus_mg,source_document,source_sheet,source_page,import_status,alanine_g,arginine_g,aspartic_acid_g,cystine_g,folate_mcg,glutamic_acid_g,glycine_g,histidine_g,isoleucine_g,leucine_g,lysine_g,methionine_g,mufa_g,mufa_pufa_g,niacin_mg,pantothenic_acid_mg,phenylalanine_g,proline_g,riboflavin_mg,saturated_fat_g,serine_g,thiamin_mg,threonine_g,tryptophan_g,tyrosine_g,valine_g,vitamin_b6_mg,vitamin_e_mg,vitamin_k_mcg
food_banh_bao_chay,Bánh bao chay,banh bao chay,mon_an,33,0.9,0.1,7.1,0.1,,,3,0.2,,,,,,,,,,tat_ca_mon_an.xlsx,nutrition_table,1,ready,,,,,,,,,,,,,,,,,,,,,,,,,,,,,
food_banh_bao_nhan_thit,Bánh bao nhân thịt,banh bao nhan thit,mon_an,409,11.4,0.9,88.8,0.9,,,36,2.8,,,,,,,,,,tat_ca_mon_an.xlsx,nutrition_table,1,ready,,,,,,,,,,,,,,,,,,,,,,,,,,,,,
food_banh_bot_loc,Bánh bột lọc,banh bot loc,mon_an,,14.9,5.5,47.3,0.4,206.6,183.2,525,173.7,,98.4,7.1,,,,,,,tat_ca_mon_an.xlsx,nutrition_table,1,ready,,,,,,,,,,,,,,,,,,,,,,,,,,,,,
food_banh_canh_ca_ro,Bánh canh cá rô,banh canh ca ro,mon_an,167,14.9,5.5,15.8,0.6,591,72.4,65,1,0.3,159.3,,1959,18.3,,,,,tat_ca_mon_an.xlsx,nutrition_table,1,ready,,,,,,,,,,,,,,,,,,,,,,,,,,,,,
food_banh_canh_ghe,Bánh canh ghẹ,banh canh ghe,mon_an,337.8,,9,41.7,,205.6,,106.6,12,2.8,252.7,137.8,644.2,23.8,,,38,,tat_ca_mon_an.xlsx,nutrition_table,1,ready,,,,,,,,,,,,,,,,,,,,,,,,,,,,,
food_banh_chung_co_vua,Bánh chưng cỡ vừa,banh chung co vua,mon_an,,4.7,5.6,33.9,,,,,,,,,,,,,,,tat_ca_mon_an.xlsx,nutrition_table,1,ready,,,,,,,,,,,,,,,,,,,,,,,,,,,,,
food_banh_cuon_trung_cha,Bánh cuốn trứng + chả,banh cuon trung + cha,mon_an,354,,22.5,20,0.7,,,7.8,0.5,,,700,,,,,,,tat_ca_mon_an.xlsx,nutrition_table,1,ready,,,,,,,,,,,,,,,,,,,,,,,,,,,,,
food_banh_dau_xanh,Bánh đậu xanh,banh đau xanh,mon_an,113,3.5,5.4,12.5,,,,,,,,,,,,,,,tat_ca_mon_an.xlsx,nutrition_table,1,ready,,,,,,,,,,,,,,,,,,,,,,,,,,,,,
food_banh_duc,Bánh đúc,banh đuc,mon_an,110,2.7,2.7,18.9,,,,,,,,,,,,,,,tat_ca_mon_an.xlsx,nutrition_table,1,ready,,,,,,,,,,,,,,,,,,,,,,,,,,,,,
food_banh_gai,Bánh gai,banh gai,mon_an,,9.3,4.2,71.4,,,,,,,,,,,,,,,tat_ca_mon_an.xlsx,nutrition_table,1,ready,,,,,,,,,,,,,,,,,,,,,,,,,,,,,
food_banh_gao,Bánh gạo,banh gao,mon_an,76,0,3,,0,389.6,,0,0,,,0,,0,,,,,tat_ca_mon_an.xlsx,nutrition_table,1,ready,,,,,,,,,,,,,,,,,,,,,,,,,,,,,
food_banh_gio,Bánh giò,banh gio,mon_an,,5.1,33.6,28.7,,,0,,,,,0,0,0,,,,,tat_ca_mon_an.xlsx,nutrition_table,1,ready,,,,,,,,,,,,,,,,,,,,,,,,,,,,,
food_banh_mi_xoi_chao,Bánh mì - xôi chảo,banh mi - xoi chao,mon_an,995.8,,62.6,66.7,,2261.9,,92.9,6.3,2,116.1,645.4,36.5,23.3,,,125.2,,tat_ca_mon_an.xlsx,nutrition_table,1,ready,,,,,,,,,,,,,,,,,,,,,,,,,,,,,
food_banh_my_kep_cha,Bánh mỳ kẹp chả,banh my kep cha,mon_an,,14.1,22,34.3,0.2,533,15,28,2.5,0,,,12,0,,,,,tat_ca_mon_an.xlsx,nutrition_table,1,ready,,,,,,,,,,,,,,,,,,,,,,,,,,,,,
food_banh_my_kep_thap_cam,BÁNH MỲ KẸP THẬP CẨM,banh my kep thap cam,mon_an,558,23.8,38.7,28.4,0.2,880.4,392.3,33,2.7,0.6,24,4,92.4,4.1,,,,,tat_ca_mon_an.xlsx,nutrition_table,1,ready,,,,,,,,,,,,,,,,,,,,,,,,,,,,,
food_banh_my_nuong_muoi_ot,Bánh mỳ nướng muối ớt,banh my nuong muoi ot,mon_an,420.6,12.3,32.2,20.4,,198.6,,22.6,1.6,1.1,168,104,17.3,,,,12.5,,tat_ca_mon_an.xlsx,nutrition_table,1,ready,,,,,,,,,,,,,,,,,,,,,,,,,,,,,
food_banh_my_op_la,Bánh mỳ ốp la,banh my op la,mon_an,,16.5,21.7,41.5,0.1,199.2,92,58.8,4.6,0.5,244.4,700,0,0,,,,,tat_ca_mon_an.xlsx,nutrition_table,1,ready,,,,,,,,,,,,,,,,,,,,,,,,,,,,,
food_banh_my_pate,Bánh mỳ pate,banh my pate,mon_an,,19.3,14.8,37.5,0.2,284,186,31,3,1.2,34,2,138,5.8,,,,,tat_ca_mon_an.xlsx,nutrition_table,1,ready,,,,,,,,,,,,,,,,,,,,,,,,,,,,,
food_banh_my_que_hai_phong,Bánh mỳ que Hải Phòng,banh my que hai phong,mon_an,,1.7,0.2,11.6,0,,,6,0.4,,0,,0,0,,,,,tat_ca_mon_an.xlsx,nutrition_table,1,ready,,,,,,,,,,,,,,,,,,,,,,,,,,,,,
food_banh_my_ruoc,Bánh mỳ ruốc,banh my ruoc,mon_an,,3,2,20.4,0,12.6,37.5,13.9,0.6,,0.6,60,0.9,0.1,,,,,tat_ca_mon_an.xlsx,nutrition_table,1,ready,,,,,,,,,,,,,,,,,,,,,,,,,,,,,
food_banh_my_sot_vang,Bánh mỳ sốt vang,banh my sot vang,mon_an,382,19.3,12.6,41.6,1.5,464.6,467.9,58.6,5.4,1.7,47,1.6,2716,47.9,,,,,tat_ca_mon_an.xlsx,nutrition_table,1,ready,,,,,,,,,,,,,,,,,,,,,,,,,,,,,
food_banh_my_vuong,Bánh mỳ vuông,banh my vuong,mon_an,95,3,0.3,20,0.1,,,11,0.7,,0,,0,0,,,,,tat_ca_mon_an.xlsx,nutrition_table,1,ready,,,,,,,,,,,,,,,,,,,,,,,,,,,,,
food_banh_nuong_thap_cam,Bánh nướng thập cẩm,banh nuong thap cam,mon_an,706,18,31.5,87.5,,,,,,,,,,,,,,,tat_ca_mon_an.xlsx,nutrition_table,1,ready,,,,,,,,,,,,,,,,,,,,,,,,,,,,,
food_banh_nuong_trung_dau_xanh,Bánh nướng trứng đậu xanh,banh nuong trung đau xanh,mon_an,648,19.5,27.5,,,,,,,,,,,,,,,,tat_ca_mon_an.xlsx,nutrition_table,1,ready,,,,,,,,,,,,,,,,,,,,,,,,,,,,,
food_banh_ran_duong,Bánh rán đường,banh ran đuong,mon_an,252,3.3,10.2,36.7,0.4,61.9,71.3,61,1,0.3,,0,1.8,0.2,,,,,tat_ca_mon_an.xlsx,nutrition_table,1,ready,,,,,,,,,,,,,,,,,,,,,,,,,,,,,
food_banh_ran_man,Bánh rán mặn,banh ran man,mon_an,207,4.2,11.1,22.6,0.5,542.4,58.8,16.7,2.1,0.4,9,0.2,0.6,0.8,,,,,tat_ca_mon_an.xlsx,nutrition_table,1,ready,,,,,,,,,,,,,,,,,,,,,,,,,,,,,
food_banh_ran_nhan_do,Bánh rán nhân đỗ,banh ran nhan đo,mon_an,192,3.3,10.2,21.9,0.4,61.8,71,61,1,0.3,,0,1.8,0.2,,,,,tat_ca_mon_an.xlsx,nutrition_table,1,ready,,,,,,,,,,,,,,,,,,,,,,,,,,,,,
food_banh_te,Bánh tẻ,banh te,mon_an,,3.9,5.2,47,0.3,2.4,20.6,18,1.2,0,0,,2.3,1.5,,,,,tat_ca_mon_an.xlsx,nutrition_table,1,ready,,,,,,,,,,,,,,,,,,,,,,,,,,,,,
food_banh_tieu,Bánh tiêu,banh tieu,mon_an,,3.4,13.9,23.8,0.2,40.3,61.2,47,1.1,0.8,,0,0.4,0.2,,,,,tat_ca_mon_an.xlsx,nutrition_table,1,ready,,,,,,,,,,,,,,,,,,,,,,,,,,,,,
food_banh_troi,Bánh trôi,banh troi,mon_an,473,8.6,2.5,104,0.7,3,0,32,1.1,2.4,,,0,0,,,,,tat_ca_mon_an.xlsx,nutrition_table,1,ready,,,,,,,,,,,,,,,,,,,,,,,,,,,,,
food_banh_xeo,Bánh xèo,banh xeo,mon_an,306,20.7,2.9,49.5,2.1,411.9,440.2,64.9,3,2.1,15.6,4.2,8.7,,,,,,tat_ca_mon_an.xlsx,nutrition_table,1,ready,,,,,,,,,,,,,,,,,,,,,,,,,,,,,
food_bun_bo_gio_heo_hue,Bún bò giò heo (Huế),bun bo gio heo (hue),mon_an,524,28.3,16.7,65.1,1.4,686.9,234,81.1,17.9,1.6,45.4,123,1370,61.7,,,,,tat_ca_mon_an.xlsx,nutrition_table,1,ready,,,,,,,,,,,,,,,,,,,,,,,,,,,,,
food_bun_ca,Bún cá,bun ca,mon_an,331.1,12.8,8.1,51.8,,861.7,,153,1.8,0.5,4.9,83.5,696,28.9,,,37.3,,tat_ca_mon_an.xlsx,nutrition_table,1,ready,,,,,,,,,,,,,,,,,,,,,,,,,,,,,
food_bun_cha,Bún chả,bun cha,mon_an,518,25.8,77,90.3,1.6,1162,381,101,2.2,2.5,67,6,,1.3,,,,,tat_ca_mon_an.xlsx,nutrition_table,1,ready,,,,,,,,,,,,,,,,,,,,,,,,,,,,,
food_bun_cha_ca,Bún chả cá,bun cha ca,mon_an,635,21.7,30,69.6,4.5,1474.9,543.9,339.6,2.7,0.6,,77.3,2521,79.5,,,,,tat_ca_mon_an.xlsx,nutrition_table,1,ready,,,,,,,,,,,,,,,,,,,,,,,,,,,,,
food_bun_dau_mam_tom,Bún đậu mắm tôm,bun đau mam tom,mon_an,,,51.7,87.4,,881.3,434.2,636.4,17.2,3.5,124.2,55.7,,,,,138.3,,tat_ca_mon_an.xlsx,nutrition_table,1,ready,,,,,,,,,,,,,,21.4,,,,,,,,,,,,,,,
food_bun_mong_gio,Bún móng giò,bun mong gio,mon_an,443,18.8,15.6,56.8,,1382.1,,281.2,2.7,1,57.5,70.6,692.6,30.9,,,63,,tat_ca_mon_an.xlsx,nutrition_table,1,ready,,,,,,,,,,,,,,,,,,,,,,,,,,,,,
food_bun_nem,Bún nem,bun nem,mon_an,920,21,21.7,160,4,1168,557,140,4.7,2.1,87,374,1427,114,,,,,tat_ca_mon_an.xlsx,nutrition_table,1,ready,,,,,,,,,,,,,,,,,,,,,,,,,,,,,
food_bun_ngan,Bún ngan,bun ngan,mon_an,521.8,,20.9,64.8,,693.1,,115.5,3.2,1.1,4.1,57.6,665.7,22.3,,,16.2,,tat_ca_mon_an.xlsx,nutrition_table,1,ready,,,,,,,,,,,,,,,,,,,,,,,,,,,,,
food_bun_oc,Bún ốc,bun oc,mon_an,,72.9,22.8,95.4,,1994.7,,165.2,3.7,7,34.9,47.1,542.6,43.2,,,37.9,,tat_ca_mon_an.xlsx,nutrition_table,1,ready,,,,,,,,,,,,,,,,,,,,,,,,,,,,,
food_bun_rieu_cua,Bún riêu cua,bun rieu cua,mon_an,,10.7,6.6,54.6,,2173.4,,133.4,2.2,,52.4,75.6,813.8,27.9,,,26.2,,tat_ca_mon_an.xlsx,nutrition_table,1,ready,,,,,,,,,,,,,,,,,,,,,,,,,,,,,
food_bun_rieu_cua_bo_gio,Bún riêu cua bò giò,bun rieu cua bo gio,mon_an,,,23.3,54.3,,20.5,,59.4,2.3,1.7,23.4,6.9,82.2,3.7,,,25.6,,tat_ca_mon_an.xlsx,nutrition_table,1,ready,,,,,,,,,,,,,,,,,,,,,,,,,,,,,
food_bun_thang,Bún thang,bun thang,mon_an,378.2,27.9,9.4,45.6,,688.8,,121.7,1.5,0.7,22.5,50,320.7,15.1,,,22.4,,tat_ca_mon_an.xlsx,nutrition_table,1,ready,,,,,,,,,,,,,,,,,,,,,,,,,,,,,
food_bun_thang_1,Bún thang (1),bun thang (1),mon_an,,16.1,7.5,39.1,1.1,1662,105.2,38,1.9,0.8,61,96,0,2,,,,,tat_ca_mon_an.xlsx,nutrition_table,1,ready,,,,,,,,,,,,,,,,,,,,,,,,,,,,,
food_bun_vit,Bún vịt,bun vit,mon_an,402,9.1,19.7,47.1,1.1,686,129,46.6,1.5,2.8,38,270,1370,62.8,,,,,tat_ca_mon_an.xlsx,nutrition_table,1,ready,,,,,,,,,,,,,,,,,,,,,,,,,,,,,
food_ca_ngu_song,Cá ngừ sống,ca ngu song,mon_an,118,19.4,4.5,0,0,100,0,80,3,0.5,0,20,,0,,,,,tat_ca_mon_an.xlsx,nutrition_table,1,ready,,,,,,,,,,,,,,,,,,,,,,,,,,,,,
food_ca_phao_muoi,Cà pháo muối,ca phao muoi,mon_an,,0.7,,1.1,0.9,406,,8.3,0.4,,,,22,,,,,,tat_ca_mon_an.xlsx,nutrition_table,1,ready,,,,,,,,,,,,,,,,,,,,,,,,,,,,,
food_caramen,Caramen,caramen,mon_an,77.4,3.7,2.9,9.1,,,,69,0.7,,,,,,,,,,tat_ca_mon_an.xlsx,nutrition_table,1,ready,,,,,,,,,,,,,,,,,,,,,,,,,,,,,
food_chao_long,Cháo lòng,chao long,mon_an,,37.4,15.9,43,,2072.1,,109.5,22.3,5,220.6,2424.4,806.4,53,,,85.3,,tat_ca_mon_an.xlsx,nutrition_table,1,ready,,,,,,,,,,,,,,,,,,,,,,,,,,,,,
food_chao_oc_lon,Cháo óc lợn,chao oc lon,mon_an,,10.2,8.6,23.2,0.1,243.7,72.3,15.1,1.8,1.3,1575,0,0,0,,,,,tat_ca_mon_an.xlsx,nutrition_table,1,ready,,,,,,,,,,,,,,,,,,,,,,,,,,,,,
food_chao_suon,Cháo sườn,chao suon,mon_an,,7.8,6.9,26.7,,55.3,,17.9,0.5,1,11.5,3.6,42.7,3,,,8.7,,tat_ca_mon_an.xlsx,nutrition_table,1,ready,,,,,,,,,,,,,,,,,,,,,,,,,,,,,
food_chao_thit,Cháo thịt,chao thit,mon_an,234,12.7,3.9,37,,172.3,,50.1,1.1,1.2,18.4,38.3,455.3,1.7,,,27.1,,tat_ca_mon_an.xlsx,nutrition_table,1,ready,,,,,,,,,,,,,,,,,,,,,,,,,,,,,
food_che_khuc_bach,Chè khúc bạch,che khuc bach,mon_an,284.5,,13.9,31.6,,389.1,,187.6,1,1.1,42,51.8,22,21.3,,,70.8,,tat_ca_mon_an.xlsx,nutrition_table,1,ready,,,,,,,,,,,,,,,,,,,,,,,,,,,,,
food_che_thai,Chè Thái,che thai,mon_an,123,,2.5,20.6,,216.5,,181.7,1.2,1,22.7,28,11.9,0.5,,,93.1,,tat_ca_mon_an.xlsx,nutrition_table,1,ready,,,,,,,,,,,,,,,,,,,,,,,,,,,,,
food_che_thap_cam,Chè thập cẩm,che thap cam,mon_an,442,,6.2,83.3,,19.1,,144.5,7.9,1.9,0.6,1.1,13.5,1.2,,,151.4,,tat_ca_mon_an.xlsx,nutrition_table,1,ready,,,,,,,,,,,,,,,,,,,,,,,,,,,,,
food_che_xoai,Chè xoài,che xoai,mon_an,,3.1,2.3,29.7,,34.8,,109.4,0.8,0.9,7.8,49.2,373.8,25.8,,,41.7,,tat_ca_mon_an.xlsx,nutrition_table,1,ready,,,,,,,,,,,,,,,,,,,,,,,,,,,,,
food_com_hen,Cơm hến,com hen,mon_an,291,18,6.3,40.1,,713.4,473.3,74.4,3.3,1,,,33.4,12.4,,,,,tat_ca_mon_an.xlsx,nutrition_table,1,ready,,,,,,,,,,,,,,,,,,,,,,,,,,,,,
food_com_rang_thap_cam,Cơm rang thập cẩm,com rang thap cam,mon_an,,19.9,21.9,86.6,1.5,1295,397,106,3.1,2,280,108,1545,2,,,,,tat_ca_mon_an.xlsx,nutrition_table,1,ready,,,,,,,,,,,,,,,,,,,,,,,,,,,,,
food_com_suat_van_phong_thit_ba_chi_dau_phu,"Cơm suất văn phòng (Thịt ba chỉ, đậu phụ)","com suat van phong (thit ba chi, đau phu)",mon_an,,26,24,90,3,2732,628,147,5.4,3.6,49,,1005,17,,,,,tat_ca_mon_an.xlsx,nutrition_table,1,ready,,,,,,,,,,,,,,,,,,,,,,,,,,,,,
food_com_suat_van_phong_thit_nac_vai_dau_phu,"Cơm suất văn phòng (Thịt nạc vai, đậu phụ)","com suat van phong (thit nac vai, đau phu)",mon_an,759,,26.3,100.7,,2059,893,151,5.2,6,44,,5225,69,,,,,tat_ca_mon_an.xlsx,nutrition_table,1,ready,,,,,,,,,,,,,,,,,,,,,,,,,,,,,
food_com_suat_van_phong_thit_nac_vai_su_hao,"Cơm suất văn phòng (Thịt nạc vai, su hào)","com suat van phong (thit nac vai, su hao)",mon_an,650,,18.9,94.9,,1892,851,121,2.9,510,47,,580,49,,,,,tat_ca_mon_an.xlsx,nutrition_table,1,ready,,,,,,,,,,,,,,,,,,,,,,,,,,,,,
food_com_suon,Cơm sườn,com suon,mon_an,616,,16.2,93,,63,549,52.5,2.5,4.9,55.2,,531,45,,,,,tat_ca_mon_an.xlsx,nutrition_table,1,ready,,,,,,,,,,,,,,,,,,,,,,,,,,,,,
food_dau_phu_ran,Đậu phụ rán,đau phu ran,mon_an,139,8.7,11.3,,0.3,6,26,19,,0.6,,,,,,,,,tat_ca_mon_an.xlsx,nutrition_table,1,ready,,,,,,,,,,,,,,,,,,,,,,,,,,,,,
food_dau_trang_dau_tay_hat_kho,"Đậu trắng (đậu tây), hạt, khô","đau trang (đau tay), hat, kho",mon_an,,23.2,2.1,57.4,3.6,,,160,6.8,,,0.8,10,,14,3.3,,514,tat_ca_mon_an.xlsx,nutrition_table,1,ready,551,1620,1976,133,394,3564,680,600,950,1460,1160,300,0.1,,2.1,0.8,1280,778,0.2,0.1,1069,0.5,740,320,631,930,0.4,0.2,19
food_goi_ngo_sen,Gỏi ngó sen,goi ngo sen,mon_an,615,35.8,33.8,42.4,2.7,522.6,1159,913,5.7,1.6,161.2,18.6,1189.5,6,,,,,tat_ca_mon_an.xlsx,nutrition_table,1,ready,,,,,,,,,,,,,,,,,,,,,,,,,,,,,
food_hanh_cu_muoi,Hành củ muối,hanh cu muoi,mon_an,,1.3,,3.6,0.6,306,,11,1.2,,,,16.2,,,,,,tat_ca_mon_an.xlsx,nutrition_table,1,ready,,,,,,,,,,,,,,,,,,,,,,,,,,,,,
food_hoa_qua_dam,Hoa quả dầm,hoa qua dam,mon_an,297.2,,6.1,54.3,,83.5,,234,3.1,1.2,14.6,198.1,1687.7,101.8,,,53.5,,tat_ca_mon_an.xlsx,nutrition_table,1,ready,,,,,,,,,,,,,,,,,,,,,,,,,,,,,
food_hu_tieu_nam_vang_nuoc,Hủ tiếu Nam vang nước,hu tieu nam vang nuoc,mon_an,482.6,31.5,17,50.9,,1596,,175.3,6.8,,326.5,1080.6,697.4,56.9,,,50.4,,tat_ca_mon_an.xlsx,nutrition_table,1,ready,,,,,,,,,,,,,,,,,,,,,,,,,,,,,
food_hu_tieu_nuoc,Hủ tiếu nước,hu tieu nuoc,mon_an,,34.8,10.7,54.5,,580.1,465.6,59.3,10.2,3.3,239,1242,56.2,8.5,,,,,tat_ca_mon_an.xlsx,nutrition_table,1,ready,,,,,,,,,,,,,,,,,,,,,,,,,,,,,
food_hu_tieu_xao_hai_san,Hủ tiếu xào hải sản,hu tieu xao hai san,mon_an,461,23.5,24.2,40.9,1.9,793.9,431.6,6,2.1,1.5,180,84.9,3831.8,27.6,,,,,tat_ca_mon_an.xlsx,nutrition_table,1,ready,,,,,,,,,,,,,,,,,,,,,,,,,,,,,
food_kem_cacao,Kem cacao,kem cacao,mon_an,,2.7,7.8,20,,,,0.7,0.4,,20.6,90.9,13.5,77.4,,,,,tat_ca_mon_an.xlsx,nutrition_table,1,ready,,,,,,,,,,,,,,,,,,,,,,,,,,,,,
food_kem_com,Kem cốm,kem com,mon_an,139.2,2.2,5.9,,,42,,,0.2,0.2,,67.2,,,,,9.8,,tat_ca_mon_an.xlsx,nutrition_table,1,ready,,,,,,,,,,,,,,,,,,,,,,,,,,,,,
food_kem_dau_xanh,Kem đậu xanh,kem đau xanh,mon_an,,2.2,5.9,19.3,,42,,,0.2,0.2,,67.2,,,,,9.8,,tat_ca_mon_an.xlsx,nutrition_table,1,ready,,,,,,,,,,,,,,,,,,,,,,,,,,,,,
food_kem_khoai_mon,Kem khoai môn,kem khoai mon,mon_an,141.2,2.3,6,19.6,,42.6,,,0.2,0.2,,68.2,,,,,,,tat_ca_mon_an.xlsx,nutrition_table,1,ready,,,,,,,,,,,,,,,,,,,,,,,,,,,,,
food_kem_oc_que_cacao,Kem ốc quế cacao,kem oc que cacao,mon_an,,3.4,8.1,27.2,,46.4,,70.8,0.8,0.4,,80.5,21.3,,,,17.7,,tat_ca_mon_an.xlsx,nutrition_table,1,ready,,,,,,,,,,,,,,,,,,,,,,,,,,,,,
food_kem_oc_que_vani,Kem ốc quế vani,kem oc que vani,mon_an,,3.1,6.6,27.1,,37.2,,78.7,0.4,0.2,,61.9,9.8,,,,8.7,,tat_ca_mon_an.xlsx,nutrition_table,1,ready,,,,,,,,,,,,,,,,,,,,,,,,,,,,,
food_kem_sau_rieng,Kem sầu riêng,kem sau rieng,mon_an,137.2,2.2,5.8,19,,41.4,,,0.1,0.2,,66.2,,,,,9.7,,tat_ca_mon_an.xlsx,nutrition_table,1,ready,,,,,,,,,,,,,,,,,,,,,,,,,,,,,
food_kem_socola,Kem socola,kem socola,mon_an,134.9,2.2,6,18.1,,42.2,3.8,75.8,0.3,0.3,,68.8,,,,,12.1,,tat_ca_mon_an.xlsx,nutrition_table,1,ready,,,,,,,,,,,,,,,,,,,,,,,,,,,,,
food_kem_sua_dua,Kem sữa dừa,kem sua dua,mon_an,139.2,2.2,5.9,19.3,,42,,,0.2,0.2,,67.2,,,,,9.8,,tat_ca_mon_an.xlsx,nutrition_table,1,ready,,,,,,,,,,,,,,,,,,,,,,,,,,,,,
food_kem_trung,Kem trứng,kem trung,mon_an,218.9,8.9,16,9.9,,53.9,,77.1,4.8,2.5,960,465.7,42.2,,,,56.6,,tat_ca_mon_an.xlsx,nutrition_table,1,ready,,,,,,,,,,,,,,,,,,,,,,,,,,,,,
food_keo_ca_phe,Kẹo cà phê,keo ca phe,mon_an,11,,0,2.7,0,0,0,0,0,0,,0,0,0.8,,,,,tat_ca_mon_an.xlsx,nutrition_table,1,ready,,,,,,,,,,,,,,,,,,,,,,,,,,,,,
food_keo_dua,Kẹo dừa,keo dua,mon_an,20,0,0.6,3.7,0.1,0,0,0.7,0,0,,0,0,,,,,,tat_ca_mon_an.xlsx,nutrition_table,1,ready,,,,,,,,,,,,,,,,,,,,,,,,,,,,,
food_keo_so_co_la,Kẹo sô cô la,keo so co la,mon_an,27,6.2,30.7,55.3,0,63,0,0,,,,,,0,,,,,tat_ca_mon_an.xlsx,nutrition_table,1,ready,,,,,,,,,,,,,,,,,,,,,,,,,,,,,
food_kieu_muoi,Kiệu muối,kieu muoi,mon_an,12,0.7,,2.4,0.6,170,,25,0.6,,,,,6.2,,,,,tat_ca_mon_an.xlsx,nutrition_table,1,ready,,,,,,,,,,,,,,,,,,,,,,,,,,,,,
food_lau_cua_thit_bo,"Lẩu cua, thịt bò","lau cua, thit bo",mon_an,1584,178,85,27,9,2084,4819,811,,26,35282,735,19452,232,,,,,tat_ca_mon_an.xlsx,nutrition_table,1,ready,,,,,,,,,,,,,,,,,,,,,,,,,,,,,
food_lau_ech,Lẩu ếch,lau ech,mon_an,1643,144.6,41.5,179.1,24,5183,5748.2,672.3,21.2,9.6,25000,302.3,672,302.3,,,,,tat_ca_mon_an.xlsx,nutrition_table,1,ready,,,,,,,,,,,,,,,,,,,,,,,,,,,,,
food_lau_ga,Lẩu gà,lau ga,mon_an,1388,109.1,74.9,69.1,11.4,5390,2845.7,606.6,,8.4,29304,143.2,607,128.4,,,,,tat_ca_mon_an.xlsx,nutrition_table,1,ready,,,,,,,,,,,,,,,,,,,,,,,,,,,,,
food_lau_hai_san,Lẩu hải sản,lau hai san,mon_an,666,86,18,38,10,5502,3151,2057,16.9,14.5,532,1257,33665,333,,,,,tat_ca_mon_an.xlsx,nutrition_table,1,ready,,,,,,,,,,,,,,,,,,,,,,,,,,,,,
food_lau_thap_cam,Lẩu thập cẩm,lau thap cam,mon_an,2605,197.2,119.6,194,10.3,6365,3191,925,36.2,12,2995,259.5,23786.8,185,,,,,tat_ca_mon_an.xlsx,nutrition_table,1,ready,,,,,,,,,,,,,,,,,,,,,,,,,,,,,
food_mien_ga,Miến gà,mien ga,mon_an,,9.5,9,45.4,0.9,1364,85,33,1.3,0.7,37,54,,2,,,,,tat_ca_mon_an.xlsx,nutrition_table,1,ready,,,,,,,,,,,,,,,,,,,,,,,,,,,,,
food_my_quang,Mỳ Quảng,my quang,mon_an,,18.3,7.7,77.8,0.2,533.9,145.8,58,1.7,0.8,157.2,162.3,28.1,1.8,,,,,tat_ca_mon_an.xlsx,nutrition_table,1,ready,,,,,,,,,,,,,,,,,,,,,,,,,,,,,
food_my_spaghetti_hai_san,Mỳ spaghetti hải sản,my spaghetti hai san,mon_an,,14.2,12,42,0.6,459,203,53,1.5,1.6,68,10,17,13,,,,,tat_ca_mon_an.xlsx,nutrition_table,1,ready,,,,,,,,,,,,,,,,,,,,,,,,,,,,,
food_my_spaghetti_thit_bo,Mỳ spaghetti thịt bò,my spaghetti thit bo,mon_an,,20.2,15.5,72.2,1.6,837.4,822.5,182.6,3.7,2.3,89.2,74.3,2029.2,34.4,,,,,tat_ca_mon_an.xlsx,nutrition_table,1,ready,,,,,,,,,,,,,,,,,,,,,,,,,,,,,
food_my_thit_bo,Mỳ thịt bò,my thit bo,mon_an,,16.6,18.5,47.4,0.5,1209,236,37,1.9,1.2,18,0,1890,16,,,,,tat_ca_mon_an.xlsx,nutrition_table,1,ready,,,,,,,,,,,,,,,,,,,,,,,,,,,,,
food_my_thit_lon,Mỳ thịt lợn,my thit lon,mon_an,,17.6,20.8,46.8,0,1207,198,8,0.5,1.4,39,,,0,,,,,tat_ca_mon_an.xlsx,nutrition_table,1,ready,,,,,,,,,,,,,,,,,,,,,,,,,,,,,
food_my_tron,Mỳ trộn,my tron,mon_an,703.5,,22,102.8,,3298.8,556.9,67.7,3.6,,49.4,126,,,,,55.7,,tat_ca_mon_an.xlsx,nutrition_table,1,ready,,,,,,,,,,,,,,14.5,,,,,,,,,,,,,,,
food_my_van_than_sui_cao,"Mỳ vằn thắn, sủi cảo","my van than, sui cao",mon_an,,24.2,12,40.6,0.6,860.3,316,52.7,3.8,2.2,57.6,603,329,,,,,,tat_ca_mon_an.xlsx,nutrition_table,1,ready,,,,,,,,,,,,,,,,,,,,,,,,,,,,,
food_my_vit_tiem,Mỳ vịt tiềm,my vit tiem,mon_an,,34.1,28.3,81.2,3.4,617.9,709.2,227.2,6.7,3.5,98.8,351,3568.9,100.5,,,,,tat_ca_mon_an.xlsx,nutrition_table,1,ready,,,,,,,,,,,,,,,,,,,,,,,,,,,,,
food_my_xao_thap_cam,Mỳ xào thập cẩm,my xao thap cam,mon_an,339,13.4,12.5,41.5,1.6,697.7,506.5,101,8.2,2.1,2130,47.4,2503.9,27.2,,,,,tat_ca_mon_an.xlsx,nutrition_table,1,ready,,,,,,,,,,,,,,,,,,,,,,,,,,,,,
food_ngao_hoa_hap_sa,Ngao hoa hấp sả,ngao hoa hap sa,mon_an,,37.5,14.6,51.2,,1658.9,,1520.9,11,2,,48.8,593.1,19.4,,,81.7,,tat_ca_mon_an.xlsx,nutrition_table,1,ready,,,,,,,,,,,,,,,,,,,,,,,,,,,,,
food_ngao_trang_hap,Ngao trắng hấp,ngao trang hap,mon_an,226.2,27.5,2.2,24.1,,680.7,,593.5,0.1,,,0.4,0.5,6.2,,,16.2,,tat_ca_mon_an.xlsx,nutrition_table,1,ready,,,,,,,,,,,,,,,,,,,,,,,,,,,,,
food_nom_hoa_chuoi_thit_ga,Nộm hoa chuối thịt gà,nom hoa chuoi thit ga,mon_an,604,34.1,29.3,50.1,6.9,263.2,1599,329.6,6.6,4.1,69.1,103.7,3547.1,44.7,,,,,tat_ca_mon_an.xlsx,nutrition_table,1,ready,,,,,,,,,,,,,,,,,,,,,,,,,,,,,
food_nom_rau_muong,Nộm rau muống,nom rau muong,mon_an,230,10.8,15.9,7.7,,986,897,271,3.8,1,0,0,13994,72.9,,,,,tat_ca_mon_an.xlsx,nutrition_table,1,ready,,,,,,,,,,,,,,,,,,,,,,,,,,,,,
food_nom_tai_heo_thap_cam,Nộm tai heo thập cẩm,nom tai heo thap cam,mon_an,505,,25,27,9,1045,780,317,10,3,123,0,1505,20,,,,,tat_ca_mon_an.xlsx,nutrition_table,1,ready,,,,,,,,,,,,,,,,,,,,,,,,,,,,,
food_nuoc_chanh_leo,Nước chanh leo,nuoc chanh leo,mon_an,66,0.5,0.2,15.6,,6.7,83.7,3.3,0.4,,,15.4,,,,,,,tat_ca_mon_an.xlsx,nutrition_table,1,ready,,,,,,,,,,,,,,0.1,,,,,,,,,,,,,,,
food_nuoc_ep_cam_size_l,Nước ép cam (size l),nuoc ep cam (size l),mon_an,176.8,3.4,,40.8,,13.3,,130.7,1.5,0.8,,29.4,109.9,151.6,,,37.9,,tat_ca_mon_an.xlsx,nutrition_table,1,ready,,,,,,,,,,,,,,,,,,,,,,,,,,,,,
food_nuoc_ep_chanh_leo,Nước ép chanh leo,nuoc ep chanh leo,mon_an,67.3,0.7,0.2,15.7,,8.4,,7.9,0.5,,,19.3,224,9,,,8.7,,tat_ca_mon_an.xlsx,nutrition_table,1,ready,,,,,,,,,,,,,,,,,,,,,,,,,,,,,
food_nuoc_ep_dua,Nước ép dứa,nuoc ep dua,mon_an,,4.4,,40,,70.1,,72,1.9,0.9,,902,109,145,,,88.3,,tat_ca_mon_an.xlsx,nutrition_table,1,ready,,,,,,,,,,,,,,,,,,,,,,,,,,,,,
food_nuoc_ep_dua_hau,Nước ép dưa hấu,nuoc ep dua hau,mon_an,,5.7,1,13.4,,21.5,,38.2,4.8,0.5,,176.1,1926.3,33.5,,,71.7,,tat_ca_mon_an.xlsx,nutrition_table,1,ready,,,,,,,,,,,,,,,,,,,,,,,,,,,,,
food_nuoc_ep_oi_size_l,Nước ép ổi (size l),nuoc ep oi (size l),mon_an,346.3,3.5,,83.1,,23.2,,59.8,7.6,13.9,,180.8,2169.2,359.6,,,127.6,,tat_ca_mon_an.xlsx,nutrition_table,1,ready,,,,,,,,,,,,,,,,,,,,,,,,,,,,,
food_nuoc_mia,Nước mía,nuoc mia,mon_an,269.4,0.1,,67.3,,,,7.4,,,,0.5,6,2.6,,,,,tat_ca_mon_an.xlsx,nutrition_table,1,ready,,,,,,,,,,,,,,,,,,,,,,,,,,,,,
food_oc_bong_xao_bo_trung_man,Ốc bông xào bơ trứng mặn,oc bong xao bo trung man,mon_an,575.5,19.9,40.7,32.4,,1942,512.5,86.5,2.7,,400,544.7,,,,,68.3,,tat_ca_mon_an.xlsx,nutrition_table,1,ready,,,,,,,,,,,,,,28.5,,,,,,,,,,,,,,,
food_oc_bong_xao_me,Ốc bông xào me,oc bong xao me,mon_an,488.7,38.6,23.8,30.1,,1850.3,419.2,5155,13.8,2.4,,2.3,,,,,122.6,,tat_ca_mon_an.xlsx,nutrition_table,1,ready,,,,,,,,,,,,,,0.8,,,,,,,,,,,,,,,
food_oc_huong_xao_sot_bo,Ốc hương xào sốt bơ,oc huong xao sot bo,mon_an,284.7,9.3,20.7,15.3,,1225.3,1,41.1,0.3,2.6,,0.7,,,,,29.2,,tat_ca_mon_an.xlsx,nutrition_table,1,ready,,,,,,,,,,,,,,,,,,,,,,,,,,,,,
food_oc_mit_luoc_mam,Ốc mít luộc mắm,oc mit luoc mam,mon_an,158.3,17.6,1.2,19.3,,804,,1999.5,0.6,0.2,,9.5,89.4,29.8,,,19.7,,tat_ca_mon_an.xlsx,nutrition_table,1,ready,,,,,,,,,,,,,,,,,,,,,,,,,,,,,
food_oc_mo_xao_ngo,Ốc mỡ xào ngô,oc mo xao ngo,mon_an,420.9,,10.7,39.1,,936.9,275.1,5336,1.1,1.2,16.9,11.4,,,,,45.3,,tat_ca_mon_an.xlsx,nutrition_table,1,ready,,,,,,,,,,,,,,5.2,,,,,,,,,,,,,,,
food_pho_bo_chin_binh_dan,Phở bò chín bình dân,pho bo chin binh dan,mon_an,,16.1,5.1,45.3,0.1,1326,218,40,2.2,1.2,25,0,110,5,,,,,tat_ca_mon_an.xlsx,nutrition_table,1,ready,,,,,,,,,,,,,,,,,,,,,,,,,,,,,
food_pho_bo_sot_vang,Phở bò sốt vang,pho bo sot vang,mon_an,483,37.7,10.7,59.1,0.3,1835,604,78,5.5,3.4,65,18,411,20,,,,,tat_ca_mon_an.xlsx,nutrition_table,1,ready,,,,,,,,,,,,,,,,,,,,,,,,,,,,,
food_pho_bo_tai_24h,Phở bò tái 24h,pho bo tai 24h,mon_an,,18.7,5.5,47.4,0.4,1336,313,53,2.7,1.8,29,0,0,6,,,,,tat_ca_mon_an.xlsx,nutrition_table,1,ready,,,,,,,,,,,,,,,,,,,,,,,,,,,,,
food_pho_bo_tai_binh_dan,Phở bò tái bình dân,pho bo tai binh dan,mon_an,,13.4,4.6,45.3,0.1,1315,169,39,1.8,0.9,20,0,110,5,,,,,tat_ca_mon_an.xlsx,nutrition_table,1,ready,,,,,,,,,,,,,,,,,,,,,,,,,,,,,
food_pho_bo_tai_gau,Phở bò tái gầu,pho bo tai gau,mon_an,581.5,28.1,17.5,77.9,,,228.8,87.4,3.6,1,20.7,36,,,,,18.3,,tat_ca_mon_an.xlsx,nutrition_table,1,ready,,,,,,,,,,,,,,,,,,,,,,,,,,,,,
food_pho_bo_tai_lan,Phở bò tái lăn,pho bo tai lan,mon_an,,45.6,16.8,71.7,0.6,1440,766,117,6.9,4.2,72,0,696,44,,,,,tat_ca_mon_an.xlsx,nutrition_table,1,ready,,,,,,,,,,,,,,,,,,,,,,,,,,,,,
food_pho_ga_24h,Phở gà 24h,pho ga 24h,mon_an,,19,12.2,42.6,0.5,1664,240,77,2.2,1.2,55,48,608,10,,,,,tat_ca_mon_an.xlsx,nutrition_table,1,ready,,,,,,,,,,,,,,,,,,,,,,,,,,,,,
food_pho_ga_binh_dan,Phở gà bình dân,pho ga binh dan,mon_an,,15.2,9.5,49,0.2,1627,119,52,1.4,0.8,40,60,274,14,,,,,tat_ca_mon_an.xlsx,nutrition_table,1,ready,,,,,,,,,,,,,,,,,,,,,,,,,,,,,
food_pho_vit_quay,Phở vịt quay,pho vit quay,mon_an,592,22,15.9,90.4,0,396.8,168.1,60.2,2.2,0.9,55.5,197.1,55.5,3.2,,,,,tat_ca_mon_an.xlsx,nutrition_table,1,ready,,,,,,,,,,,,,,,,,,,,,,,,,,,,,
food_phong_tom_chien,Phồng tôm chiên,phong tom chien,mon_an,104,2.6,11.6,42.4,,796,,,,,,,,,,,,,tat_ca_mon_an.xlsx,nutrition_table,1,ready,,,,,,,,,,,,,,,,,,,,,,,,,,,,,
food_so_huyet_nuong,Sò huyết nướng,so huyet nuong,mon_an,414,68.7,3.7,26.4,,7.5,,155.1,82.5,,,6.9,77.1,9,,,3.6,,tat_ca_mon_an.xlsx,nutrition_table,1,ready,,,,,,,,,,,,,,,,,,,,,,,,,,,,,
food_su_hao_xao,Su hào xào,su hao xao,mon_an,,2.3,5,6.1,1.4,527.2,264.4,25,0.6,0.3,,,17.6,3.2,,,,,tat_ca_mon_an.xlsx,nutrition_table,1,ready,,,,,,,,,,,,,,,,,,,,,,,,,,,,,
food_sua_bo_tuoi_thanh_trung_co_duong_moc_chau,Sữa bò tươi thanh trùng có đường Mộc Châu,sua bo tuoi thanh trung co đuong moc chau,mon_an,178,6.8,7.7,20.9,,,,253,,,,,,,,,,,tat_ca_mon_an.xlsx,nutrition_table,1,ready,,,,,,,,,,,,,,,,,,,,,,,,,,,,,
food_sua_bo_tuoi_thanh_trung_khong_duong_th_true_milk,Sữa bò tươi thanh trùng không đường TH True Milk,sua bo tuoi thanh trung khong đuong th true milk,mon_an,,7,7.7,10.1,,,,228.8,0.4,0.7,,93.7,12.5,,,,,,tat_ca_mon_an.xlsx,nutrition_table,1,ready,,,,,,,,,,,,,,,,,,,,,,,,,,,,,
food_sua_bot_tach_beo,Sữa bột tách béo,sua bot tach beo,mon_an,,12.6,0.4,18,,192.6,645.8,504,0.1,1.4,7.2,2.2,0.4,2.2,,,,,tat_ca_mon_an.xlsx,nutrition_table,1,ready,,,,,,,,,,,,,,,,,,,,,,,,,,,,,
food_sua_bot_toan_phan,Sữa bột toàn phần,sua bot toan phan,mon_an,,6.8,8.2,17.4,,106,356,,0,0.7,,186,,270,,,,,tat_ca_mon_an.xlsx,nutrition_table,1,ready,,,,,,,,,,,,,,,,,,,,,,,,,,,,,
food_sua_chua_co_duong_ba_vi,Sữa chua có đường Ba Vì,sua chua co đuong ba vi,mon_an,,2.9,2.9,16.2,,46,155,120,0.1,0.5,13,25,,,,,,,tat_ca_mon_an.xlsx,nutrition_table,1,ready,,,,,,,,,,,,,,,,,,,,,,,,,,,,,
food_sua_chua_khong_duong_th_true_yogurt,Sữa chua không đường TH True Yogurt,sua chua khong đuong th true yogurt,mon_an,,3.3,3.7,3.6,,46,155,120,0.1,0.5,13,25,11,1,,,,,tat_ca_mon_an.xlsx,nutrition_table,1,ready,,,,,,,,,,,,,,,,,,,,,,,,,,,,,
food_sua_chua_uong_yakult,Sữa chua uống Yakult,sua chua uong yakult,mon_an,53,0.8,0.1,12.4,,,,,,,,,,,,,,,tat_ca_mon_an.xlsx,nutrition_table,1,ready,,,,,,,,,,,,,,,,,,,,,,,,,,,,,
food_sua_dac_co_duong,Sữa đặc có đường,sua đac co đuong,mon_an,,3.2,3.5,22.4,,60,160,122.8,0.2,,12.8,23.2,20,,,,,,tat_ca_mon_an.xlsx,nutrition_table,1,ready,,,,,,,,,,,,,,,,,,,,,,,,,,,,,
food_sua_dau_nanh,Sữa đậu nành,sua đau nanh,mon_an,108.6,3.8,2.2,18.4,,,,130,,0.5,,266,,,,,,,tat_ca_mon_an.xlsx,nutrition_table,1,ready,,,,,,,,,,,,,,,,,,,,,,,,,,,,,
food_sua_de_thanh_trung_khong_duong,Sữa dê thanh trùng không đường,sua de thanh trung khong đuong,mon_an,138,,8.2,4.5,,100,408,120,1,0.6,,,,,,,,,tat_ca_mon_an.xlsx,nutrition_table,1,ready,,,,,,,,,,,,,,,,,,,,,,,,,,,,,
food_sua_milo,Sữa Milo,sua milo,mon_an,110,2.8,3.5,17,,31,,106,1.5,,,,,,,,,,tat_ca_mon_an.xlsx,nutrition_table,1,ready,,,,,,,,,,,,,,,,,,,,,,,,,,,,,
food_sua_ngo,Sữa ngô,sua ngo,mon_an,123.8,4.3,2.5,21,,,,148.2,0.6,,,,,,,,30.8,,tat_ca_mon_an.xlsx,nutrition_table,1,ready,,,,,,,,,,,,,,,,,,,,,,,,,,,,,
food_sua_tuoi_tiet_trung_co_duong_vinamilk,Sữa tươi tiệt trùng có đường Vinamilk,sua tuoi tiet trung co đuong vinamilk,mon_an,,5,6.3,14.4,,,,198,,,,75,,11.3,,,,,tat_ca_mon_an.xlsx,nutrition_table,1,ready,,,,,,,,,,,,,,,,,,,,,,,,,,,,,
food_sua_tuoi_tiet_trung_khong_duong_th_true_milk,Sữa tươi tiệt trùng không đường TH True Milk,sua tuoi tiet trung khong đuong th true milk,mon_an,,5.4,5.9,8.8,,,,190.8,0.5,0.6,,75.6,,,,,,,tat_ca_mon_an.xlsx,nutrition_table,1,ready,,,,,,,,,,,,,,,,,,,,,,,,,,,,,
food_sup_hai_san,Súp hải sản,sup hai san,mon_an,,3.3,4.3,6.8,0.1,144.6,32.4,14.8,0.5,0.2,,,,,,,,,tat_ca_mon_an.xlsx,nutrition_table,1,ready,,,,,,,,,,,,,,,,,,,,,,,,,,,,,
food_sup_nam_ga,Súp nấm gà,sup nam ga,mon_an,,5.8,3.2,6.2,0.5,263.1,67.4,19.1,2.4,0.5,46,69,0.4,0.8,,,,,tat_ca_mon_an.xlsx,nutrition_table,1,ready,,,,,,,,,,,,,,,,,,,,,,,,,,,,,
food_sup_ngo_cua,Súp ngô cua,sup ngo cua,mon_an,,9.5,3.5,18.8,0.4,20.7,113,34.9,0.9,0.3,77.4,91.3,0,0,,,,,tat_ca_mon_an.xlsx,nutrition_table,1,ready,,,,,,,,,,,,,,,,,,,,,,,,,,,,,
food_sushi_pho_mai,Sushi phô mai,sushi pho mai,mon_an,42,1.7,1.5,5.6,0.3,52.9,23.9,36.9,0.1,0.3,18.3,12.4,5.3,0.1,,,,,tat_ca_mon_an.xlsx,nutrition_table,1,ready,,,,,,,,,,,,,,,,,,,,,,,,,,,,,
food_sushi_thap_cam,Sushi thập cẩm,sushi thap cam,mon_an,,2.7,1.2,8.2,0.1,41.8,50.2,281.3,0.5,0.2,12.9,8.3,83.4,0.7,,,,,tat_ca_mon_an.xlsx,nutrition_table,1,ready,,,,,,,,,,,,,,,,,,,,,,,,,,,,,
food_tao_pho_truyen_thong,Tào phớ truyền thống,tao pho truyen thong,mon_an,83.8,4.3,0.4,15.8,,61.5,,171.6,,,,,,,,,70.9,,tat_ca_mon_an.xlsx,nutrition_table,1,ready,,,,,,,,,,,,,,,,,,,,,,,,,,,,,
food_thit_bo_xao_dau_cove,Thịt bò xào đậu cove,thit bo xao đau cove,mon_an,162,14.5,5.7,13.3,,404,424,32,2.1,1,18,0,180,25,,,,,tat_ca_mon_an.xlsx,nutrition_table,1,ready,,,,,,,,,,,,,,,,,,,,,,,,,,,,,
food_thit_bo_xao_hanh_tay_ca_chua,"Thịt bò xào hành tây, cà chua","thit bo xao hanh tay, ca chua",mon_an,281,23.7,14.1,14.8,2,491,919,72,5.6,4.4,40,,364,52,,,,,tat_ca_mon_an.xlsx,nutrition_table,1,ready,,,,,,,,,,,,,,,,,,,,,,,,,,,,,
food_thit_bo_xao_hoa_thien_ly,Thịt bò xào hoa thiên lý,thit bo xao hoa thien ly,mon_an,270,27.1,13.7,9.5,6.2,972.2,429,129.3,5.8,2.2,57.8,11.8,1172,66,,,,,tat_ca_mon_an.xlsx,nutrition_table,1,ready,,,,,,,,,,,,,,,,,,,,,,,,,,,,,
food_thit_bo_xao_luc_lac,Thịt bò xào lúc lắc,thit bo xao luc lac,mon_an,469,47.3,18.3,28.7,2.6,582,1504,49,8.9,5.5,,0,206.2,131,,,,,tat_ca_mon_an.xlsx,nutrition_table,1,ready,,,,,,,,,,,,,,,,,,,,,,,,,,,,,
food_thit_bo_xao_nam,Thịt bò xào nấm,thit bo xao nam,mon_an,182,22.5,8.5,3.9,3,461,329,42.4,,1.9,32,0,829,2,,,,,tat_ca_mon_an.xlsx,nutrition_table,1,ready,,,,,,,,,,,,,,,,,,,,,,,,,,,,,
food_thit_bo_xao_su_su,Thịt bò xào su su,thit bo xao su su,mon_an,,21.9,10.9,4.2,1.2,357,378,33,3.7,3,40,0,0,1,,,,,tat_ca_mon_an.xlsx,nutrition_table,1,ready,,,,,,,,,,,,,,,,,,,,,,,,,,,,,
food_thit_trau_xao_rau_muong,Thịt trâu xào rau muống,thit trau xao rau muong,mon_an,283,30.6,14.9,2.1,3,585.2,1369.5,313.5,7.3,3.3,40,,16791,70,,,,,tat_ca_mon_an.xlsx,nutrition_table,1,ready,,,,,,,,,,,,,,,,,,,,,,,,,,,,,
food_tiet_luoc,Tiết luộc,tiet luoc,mon_an,,11.4,0.2,4.6,,553.4,,42.9,38.3,0.2,,113,776.1,21.8,,,24.9,,tat_ca_mon_an.xlsx,nutrition_table,1,ready,,,,,,,,,,,,,,,,,,,,,,,,,,,,,
food_tim_bau_duc_xao_can_toi,Tim bầu dục xào cần tỏi,tim bau duc xao can toi,mon_an,339,28.4,15.2,22.4,3.6,1344.2,128.7,208.1,17.9,5.5,5680,126.4,3358.7,62.5,,,,,tat_ca_mon_an.xlsx,nutrition_table,1,ready,,,,,,,,,,,,,,,,,,,,,,,,,,,,,
food_trung_chim_cut_luoc,Trứng chim cút luộc,trung chim cut luoc,mon_an,15,1.3,1.1,,,14,13,6,0.3,0.1,48,45,0.7,,,,,,tat_ca_mon_an.xlsx,nutrition_table,1,ready,,,,,,,,,,,,,,,,,,,,,,,,,,,,,
food_trung_ga_cong_nghiep_luoc,Trứng gà công nghiệp luộc,trung ga cong nghiep luoc,mon_an,,5.9,4.7,0.4,,74,83,26,1.2,0.4,221,329,,,,,,,tat_ca_mon_an.xlsx,nutrition_table,1,ready,,,,,,,,,,,,,,,,,,,,,,,,,,,,,
food_trung_ga_ta_luoc,Trứng gà ta luộc,trung ga ta luoc,mon_an,57,5.1,4,0.2,,61.2,68.1,19,0.9,0.3,206.4,27,,,,,,,tat_ca_mon_an.xlsx,nutrition_table,1,ready,,,,,,,,,,,,,,,,,,,,,,,,,,,,,
food_trung_ga_ta_ran,Trứng gà ta rán,trung ga ta ran,mon_an,,4.8,6.8,0.3,,138,66.9,21.2,1,0.3,178.6,226,,,,,,,tat_ca_mon_an.xlsx,nutrition_table,1,ready,,,,,,,,,,,,,,,,,,,,,,,,,,,,,
food_trung_vit_lon,Trứng vịt lộn,trung vit lon,mon_an,82,6.1,5.6,1.8,,,,37,1.3,,,394,196,1.4,,,,,tat_ca_mon_an.xlsx,nutrition_table,1,ready,,,,,,,,,,,,,,,,,,,,,,,,,,,,,
food_trung_vit_luoc,Trứng vịt luộc,trung vit luoc,mon_an,,7.4,8.1,0.6,,109.3,147.6,41,1.8,0.4,575,205.9,8,,,,,,tat_ca_mon_an.xlsx,nutrition_table,1,ready,,,,,,,,,,,,,,,,,,,,,,,,,,,,,
food_trung_vit_ran,Trứng vịt rán,trung vit ran,mon_an,,15.3,17,1,,618.1,187.8,61.8,2.8,0.9,619.2,722,57.9,1.8,,,,,tat_ca_mon_an.xlsx,nutrition_table,1,ready,,,,,,,,,,,,,,,,,,,,,,,,,,,,,
food_xoi_lac,Xôi lạc,xoi lac,mon_an,733.1,21.1,14.6,129.4,,332.4,,58.3,2.8,4.2,,0.2,2.8,0.2,,,80.1,,tat_ca_mon_an.xlsx,nutrition_table,1,ready,,,,,,,,,,,,,,,,,,,,,,,,,,,,,
food_xoi_xeo,Xôi xéo,xoi xeo,mon_an,420.2,12.6,3.6,84.3,,78.8,,25,1.7,2.5,2.3,0.3,3,1.2,,,37.3,,tat_ca_mon_an.xlsx,nutrition_table,1,ready,,,,,,,,,,,,,,,,,,,,,,,,,,,,,
